{
  "图1-1.jpg": {
    "crack_pixels": 8758,
    "total_pixels": 329400,
    "crack_ratio": 0.026587735276259867,
    "binary_image": "result_图1-1.jpg"
  },
  "图1-10.jpg": {
    "crack_pixels": 10839,
    "total_pixels": 329400,
    "crack_ratio": 0.03290528233151184,
    "binary_image": "result_图1-10.jpg"
  },
  "图1-2.jpg": {
    "crack_pixels": 5363,
    "total_pixels": 329400,
    "crack_ratio": 0.016281117182756526,
    "binary_image": "result_图1-2.jpg"
  },
  "图1-3.jpg": {
    "crack_pixels": 17803,
    "total_pixels": 329400,
    "crack_ratio": 0.05404675166970249,
    "binary_image": "result_图1-3.jpg"
  },
  "图1-4.jpg": {
    "crack_pixels": 10096,
    "total_pixels": 329400,
    "crack_ratio": 0.030649666059502124,
    "binary_image": "result_图1-4.jpg"
  },
  "图1-5.jpg": {
    "crack_pixels": 8374,
    "total_pixels": 329400,
    "crack_ratio": 0.025421979356405586,
    "binary_image": "result_图1-5.jpg"
  },
  "图1-6.jpg": {
    "crack_pixels": 11114,
    "total_pixels": 329400,
    "crack_ratio": 0.03374013357619915,
    "binary_image": "result_图1-6.jpg"
  },
  "图1-7.jpg": {
    "crack_pixels": 8917,
    "total_pixels": 329400,
    "crack_ratio": 0.02707043108682453,
    "binary_image": "result_图1-7.jpg"
  },
  "图1-8.jpg": {
    "crack_pixels": 9150,
    "total_pixels": 329400,
    "crack_ratio": 0.027777777777777776,
    "binary_image": "result_图1-8.jpg"
  },
  "图1-9.jpg": {
    "crack_pixels": 6103,
    "total_pixels": 329400,
    "crack_ratio": 0.01852762598664238,
    "binary_image": "result_图1-9.jpg"
  }
}